id,category,question_es,answer_es,question_en,answer_en,keywords,escalate,source
F001,Inscripción,¿Cómo me inscribo?,Llamanos o escribinos por WhatsApp al 351 3 261002 y decinos qué taller te interesa. Te reservamos un lugar en la próxima clase. También podés escribir a info@promover.org.ar. No hay formulario en línea: te atiende una persona.,How do I enrol?,Call or send a WhatsApp to 351 3 261002 and tell us which workshop interests you. We will keep you a place in the next class. You can also write to info@promover.org.ar. There is no online form: a person answers.,inscribir inscripcion anotarme sumarme enrol register join,yes,Programa 2026
F002,Inscripción,¿Hasta cuándo puedo inscribirme?,"La inscripción está abierta todo el año. Podés sumarte en cualquier mes, no hace falta esperar a marzo.",When can I enrol?,"Enrolment is open all year round. You can join in any month, there is no need to wait for March.",cuando inscripcion abierta plazo fecha limite deadline,no,Programa 2026
F003,Inscripción,¿Puedo probar una clase antes de pagar?,"Sí. Al sumarte podés participar de una clase gratuita en los distintos talleres, para vivir la experiencia y después elegir el que mejor te represente. Esa clase no se paga y no te compromete a nada.",Can I try a class before paying?,"Yes. On joining you may attend one free class in the different workshops, to experience it first hand and then choose the one that suits you best. That class is free and commits you to nothing.",prueba gratis probar clase gratuita trial free sin cargo,no,"Programa 2026, Metodología"
F004,Inscripción,¿Necesito estudios previos o algún título?,No. Ninguno de los talleres pide estudios previos ni conocimientos anteriores. Varios cursos de idiomas y de computadora empiezan desde cero.,Do I need previous studies or a qualification?,No. None of the workshops requires previous studies or prior knowledge. Several language and computer courses start from scratch.,requisitos estudios titulo secundario previos requirements,no,Programa 2026
F005,Inscripción,¿Qué edad hay que tener?,El programa está pensado para personas de más de 50 años.,What age is the programme for?,The programme is designed for people over 50.,edad años mayores 50 age,no,Programa 2026
F006,Inscripción,¿Puedo hacer más de un taller?,"Sí, podés cursar más de un taller. Fijate que los horarios no se superpongan y consultanos al 351 3 261002 para armar la combinación.",Can I take more than one workshop?,"Yes, you can take more than one. Check the times do not overlap and call us on 351 3 261002 to put the combination together.",varios talleres mas de uno combinar multiple,yes,Programa 2026
F007,Inscripción,¿Puedo cambiarme de taller si no me gusta?,"Sí. Para eso está la clase de prueba: si el taller no es lo que esperabas, probás otro. Hablalo con la coordinación al 351 3 261002.",Can I change workshop if I do not like it?,"Yes. That is what the trial class is for: if the workshop is not what you expected, you try another. Talk to coordination on 351 3 261002.",cambiar cambio otro taller switch change,yes,Programa 2026
F008,Aranceles,¿Cuánto cuesta?,"El arancel no está publicado en esta página porque se ajusta durante el año. Llamanos o escribinos por WhatsApp al 351 3 261002 y te decimos el valor del taller que te interesa en el momento, sin compromiso. También podés escribir a info@promover.org.ar.",How much does it cost?,"The fee is not published on this page because it is adjusted during the year. Call or WhatsApp us on 351 3 261002 and we will tell you the price of the workshop you are interested in straight away, with no obligation. You can also write to info@promover.org.ar.",precio cuanto cuesta arancel valor costo tarifa cuota price cost fee how much,yes,No hay importe publicado en ninguna fuente
F009,Aranceles,¿Cuándo se paga?,"El arancel se abona por mes, del 1 al 15 de cada mes. Dentro de esa fecha rige un arancel bonificado.",When do I pay?,"The fee is paid monthly, between the 1st and the 15th of each month. A discounted rate applies within those dates.",cuando pagar fecha pago vencimiento del 1 al 15 when pay,no,"Programa 2026, Condiciones Generales"
F010,Aranceles,¿Hay descuento por pagar temprano?,Sí. Hay un arancel bonificado si pagás del 1 al 15 de cada mes. Está sujeto a reajustes durante el año.,Is there a discount for paying early?,Yes. A discounted fee applies if you pay between the 1st and the 15th of each month. It is subject to adjustment during the year.,descuento bonificado promocion discount early,no,Programa 2026
F011,Aranceles,"Si falto a una clase, ¿la tengo que pagar igual?","Sí. Si faltás por un motivo personal, el mes se abona completo, porque el docente ya tiene reservada esa hora y cobra por ella. Si el que falta es el docente, se acuerda día y hora para recuperar la clase.","If I miss a class, do I still pay?","Yes. If you are absent for a personal reason, the full month is payable, because the teacher has already set that hour aside and is paid for it. If the teacher is absent, a day and time is agreed to make the class up.",faltar ausencia falto no voy miss absent,no,"Programa 2026, Condiciones Generales"
F012,Aranceles,¿Se paga julio con el receso?,"En los cursos anuales julio se abona completo, incluido el receso.",Is July charged during the recess?,"On annual courses July is paid in full, including the recess.",julio receso vacaciones invierno july holiday,no,Programa 2026
F013,Aranceles,¿Cómo se financia el programa?,El programa se financia únicamente con los aranceles que abonan los alumnos. Por eso los talleres necesitan un mínimo de inscriptos para abrir.,How is the programme funded?,The programme is funded solely by the fees students pay. That is why workshops need a minimum number of students to open.,financia subsidio gratis costo funding free,no,Programa 2026
F014,Clases,¿Cuánto dura una clase?,"En general los talleres son de dos horas, una vez por semana. Algunos encuentros son de una hora y media, según el taller.",How long is a class?,"Workshops are generally two hours, once a week. Some sessions run an hour and a half, depending on the workshop.",duracion cuanto dura horas frecuencia long duration,no,Programa 2026
F015,Clases,¿Cuándo empiezan y terminan las clases?,Las clases van del 2 de marzo al 30 de noviembre de 2026.,When do classes start and finish?,Classes run from 2 March to 30 November 2026.,empiezan terminan calendario ciclo lectivo start finish dates,no,Programa 2026
F016,Clases,¿Las clases son presenciales o virtuales?,"Hay de las dos. La mayoría de los talleres son presenciales en el campus, y varios se dictan por videollamada. Las aulas del campus son híbridas, así que un mismo taller puede darse en el aula y por videollamada al mismo tiempo. Las clases virtuales usan Zoom o Google Meet.",Are classes in person or online?,"Both. Most workshops are in person on campus, and several run by video call. The campus classrooms are hybrid, so the same workshop can run in the room and on a video call at the same time. Online classes use Zoom or Google Meet.",presencial virtual online zoom meet modalidad videollamada in person,no,Programa 2026
F017,Clases,¿Dónde son las clases?,"En el campus de la Universidad Blas Pascal, Avda. Donato Álvarez 380, Argüello, Córdoba. El taller de golf se dicta en el Driving Villa Allende.",Where are the classes?,"On the Universidad Blas Pascal campus, Avda. Donato Álvarez 380, Argüello, Córdoba. The golf workshop takes place at Driving Villa Allende.",donde direccion ubicacion campus lugar sede where address,no,Programa 2026
F018,Clases,¿Cuántas personas hay en cada taller?,"Los grupos son chicos. Un taller abre con un mínimo de diez inscriptos: si no se llega a ese número, la apertura la deciden el docente y la coordinación. Algunos talleres tienen cupo máximo, como Entrena tu mente, que toma hasta 16 personas.",How many people are in each workshop?,"Groups are small. A workshop opens with a minimum of ten students: below that number, the teacher and coordination decide whether it runs. Some workshops have a maximum, such as Entrena tu mente, which takes up to 16 people.",cuantos alumnos grupo cupo minimo maximo size places,no,Programa 2026
F019,Clases,¿Qué pasa si el taller no llega al mínimo?,"Si no se reúnen diez inscriptos, la apertura queda sujeta a la decisión del docente y de la coordinación. Te avisamos antes de que empiece y te ofrecemos alternativas.",What if the workshop does not reach the minimum?,"If ten students do not enrol, opening is subject to the decision of the teacher and coordination. We let you know before it starts and offer you alternatives.",minimo no abre cancelado suspendido cancel minimum,no,Programa 2026
F020,Clases,¿Hay grupo de WhatsApp?,"Sí, varios talleres arman un grupo de WhatsApp para estar en contacto con la docente durante la semana, recibir material y sacarse dudas sin esperar a la clase siguiente.",Is there a WhatsApp group?,"Yes, several workshops set up a WhatsApp group to stay in touch with the teacher during the week, receive material and ask questions without waiting for the next class.",whatsapp grupo contacto docente material,no,Programa 2026
F021,Certificado,¿Dan certificado?,"Sí. Al terminar el curso completo recibís un certificado emitido por la Universidad Blas Pascal que acredita tu paso por aulauniversitaria. El único requisito es asistir con regularidad, al 80 por ciento de las clases.",Do I get a certificate?,"Yes. On completing the full course you receive a certificate issued by Universidad Blas Pascal accrediting your participation in aulauniversitaria. The only requirement is regular attendance, 80 per cent of classes.",certificado diploma titulo acreditacion certificate 80,no,Programa 2026
F022,Certificado,¿Es una carrera universitaria?,"No. Son talleres del programa de extensión de la Universidad Blas Pascal. No otorgan un título de grado, sino un certificado de participación.",Is this a university degree?,"No. These are workshops on the Universidad Blas Pascal extension programme. They do not award a degree, they award a certificate of participation.",carrera universitaria titulo grado degree,no,Programa 2026
F023,Baja,¿Cómo dejo un taller?,"Avisá con anticipación a la coordinación, por WhatsApp, por mail o en persona. No hay contrato ni permanencia mínima.",How do I leave a workshop?,"Let coordination know in advance, by WhatsApp, email or in person. There is no contract and no minimum term.",baja dejar abandonar cancelar dar de baja leave quit,yes,Programa 2026
F024,Oferta,¿Qué talleres hay?,"Hay 47 propuestas en 2026, repartidas en seis áreas: arte y creatividad, humanidades y desarrollo personal, tecnología, actividades corporales, actividades lúdicas e idiomas. Podés verlas todas con día, hora y profesor en el buscador de esta página.",What workshops are there?,"There are 47 offerings in 2026 across six areas: art and creativity, humanities and personal development, technology, physical activities, games, and languages. You can see them all with day, time and teacher in the finder on this page.",que talleres cursos oferta lista catalogo what courses list,no,Programa 2026
F025,Oferta,¿Qué idiomas puedo estudiar?,"Inglés, desde nivel inicial hasta avanzado y conversación. Francés inicial e intermedio. Italiano de los niveles I al VII, más un nivel elemental y conversación. Y un taller intensivo de portugués brasilero para viajeros.",What languages can I study?,"English, from beginner to advanced and conversation. French beginner and intermediate. Italian from levels I to VII, plus an elementary level and conversation. And an intensive Brazilian Portuguese workshop for travellers.",idiomas ingles frances italiano portugues languages english,no,Programa 2026
F026,Oferta,¿Hay cursos de computación o de inteligencia artificial?,"Sí. Hay Celular, Tablet y Computadora en nivel inicial y avanzado, y un taller de Inteligencia Artificial pensado para la vida cotidiana: salud, comunicación y entretenimiento.",Are there computer or artificial intelligence courses?,"Yes. There is Mobile, Tablet and Computer at beginner and advanced level, and an Artificial Intelligence workshop aimed at everyday life: health, communication and entertainment.",computacion informatica celular computadora inteligencia artificial ia tecnologia computer ai,no,Programa 2026
F027,Oferta,¿Hay actividades físicas o deportes?,"Hay golf, en el Driving Villa Allende, con un convenio con la Federación de Golf de la Provincia de Córdoba. Se prestan los palos hasta que decidas si el golf es lo tuyo.",Are there physical activities or sports?,"There is golf, at Driving Villa Allende, under an agreement with the Golf Federation of the Province of Córdoba. Clubs are loaned until you decide whether golf is for you.",deporte fisica golf gimnasia cuerpo sport physical,no,Programa 2026
F028,Oferta,¿Hay talleres nuevos este año?,"Sí, nueve talleres nuevos desde agosto de 2026: Hamnet, el taller de lectura 4444 sobre Quiroga y Schweblin, Palabras en hebras, portugués para viajeros, Trama Ancestral de tejidos, Vida AMAble, la cata de libros en la Estancia La Granadilla, una nueva cohorte de PNL y un taller de cultura japonesa.",Are there new workshops this year?,"Yes, nine new workshops from August 2026: Hamnet, the 4444 reading workshop on Quiroga and Schweblin, Words in Strands, Portuguese for travellers, Ancestral Weave, Vida AMAble, the book tasting at Estancia La Granadilla, a new NLP cohort and a Japanese culture workshop.",nuevos talleres agosto novedades new workshops,no,Programa 2026
F029,Oferta,¿Necesito saber usar la computadora para los talleres virtuales?,"Ayuda, pero no hace falta ser experto. Las clases virtuales usan Zoom o Google Meet y se manda el enlace por WhatsApp. Si te cuesta, tenemos talleres de Celular, Tablet y Computadora desde nivel inicial, y la docente te acompaña.",Do I need computer skills for the online workshops?,"It helps, but you do not need to be an expert. Online classes use Zoom or Google Meet and the link is sent by WhatsApp. If you find it difficult, we run Mobile, Tablet and Computer workshops from beginner level, and the teacher supports you.",computadora saber usar tecnologia dificil zoom meet enlace computer skills,no,Programa 2026
F030,Institucional,¿Quién organiza aulauniversitaria?,Es un programa autosustentable de la Asociación Civil Promover junto con la Secretaría de Extensión y Relaciones Internacionales de la Universidad Blas Pascal.,Who runs aulauniversitaria?,It is a self-sustaining programme of Asociación Civil Promover together with the Extension and International Relations Office of Universidad Blas Pascal.,quien organiza promover ubp universidad who runs,no,Programa 2026
F031,Institucional,¿Qué es la Asociación Civil Promover?,"Es una organización sin fines de lucro fundada en junio de 2000, con personería jurídica otorgada por Resolución 031/A/01. Trabaja en la zona de Argüello, al noroeste de Córdoba, promoviendo el desarrollo de las potencialidades humanas y la mejora de la calidad de vida.",What is Asociación Civil Promover?,"A non-profit founded in June 2000, with legal status granted under Resolution 031/A/01. It works in the Argüello area, north-west of Córdoba, promoting the development of human potential and improving quality of life.",promover asociacion civil ong quienes somos about,no,Programa 2026
F032,Institucional,¿Cuál es el objetivo del programa?,"Promover el crecimiento activo dando la oportunidad de aprender a lo largo de toda la vida, estar en mejores condiciones para afrontar las dificultades cotidianas con independencia y autonomía, y favorecer la participación y la toma de decisiones de las personas mayores.",What is the aim of the programme?,"To promote active growth by providing the opportunity to learn throughout life, to be better equipped to face everyday difficulties with independence and autonomy, and to encourage participation and decision-making by older adults.",objetivo mision proposito para que aim purpose,no,Programa 2026
F033,Institucional,"¿Cómo se dan las clases, con qué metodología?","Los métodos son activos y participativos, abiertos y flexibles, y se adaptan al grupo. Se trabaja con aprendizaje placentero, descubrimiento guiado, ejemplos e intercambio de experiencias. Los principios son la cooperación, el respeto y la tolerancia.",How are classes taught?,"Methods are active and participatory, open and flexible, and adapt to the group. They use enjoyable learning, guided discovery, worked examples and the exchange of experiences. The governing principles are cooperation, respect and tolerance.",metodologia como enseñan clases metodo methodology,no,Programa 2026
F034,Contacto,¿Cómo los contacto?,"Por WhatsApp o teléfono al 351 3 261002, o al 3543 536010. Por mail a info@promover.org.ar o a aulauniversitaria@ubp.edu.ar. También estamos en Instagram como @aulauniversitaria2020 y en Facebook como aulauniversitaria.",How do I contact you?,"By WhatsApp or phone on 351 3 261002, or 3543 536010. By email at info@promover.org.ar or aulauniversitaria@ubp.edu.ar. We are also on Instagram as @aulauniversitaria2020 and on Facebook as aulauniversitaria.",contacto telefono whatsapp mail correo instagram facebook contact phone,yes,Programa 2026
F035,Contacto,¿Puedo hablar con una persona?,"Sí, siempre. Llamá al 351 3 261002 y te atiende alguien de la coordinación. Este asistente es automático y está para orientarte, pero cualquier cosa importante la resuelve una persona.",Can I speak to a person?,"Yes, always. Call 351 3 261002 and someone from coordination will answer. This assistant is automated and is here to guide you, but anything important is handled by a person.",persona humano hablar alguien atencion person human speak,yes,Programa 2026
